{"cameraMode":{"drawMode":0,"name":"Shaded","section":"Shading Mode"},"sceneLighting":true,"audioPlay":false,"sceneViewState":{"m_AlwaysRefresh":false,"showFog":true,"showSkybox":true,"showFlares":true,"showImageEffects":true,"showParticleSystems":true,"showVisualEffectGraphs":true,"m_FxEnabled":true},"in2DMode":false,"pivot":{"x":303.5643615722656,"y":-0.09000000357627869,"z":-286.58135986328127},"rotation":{"x":0.402303546667099,"y":-0.34593480825424197,"z":0.16749000549316407,"w":0.8309258222579956},"size":22.928316116333009,"orthographic":true}