{"cameraMode":{"drawMode":0,"name":"Shaded","section":"Shading Mode"},"sceneLighting":true,"audioPlay":false,"sceneViewState":{"m_AlwaysRefresh":false,"showFog":true,"showSkybox":true,"showFlares":true,"showImageEffects":true,"showParticleSystems":true,"showVisualEffectGraphs":true,"m_FxEnabled":true},"in2DMode":false,"pivot":{"x":372.73236083984377,"y":5.0564117431640629,"z":-249.09616088867188},"rotation":{"x":0.0372471958398819,"y":-0.933880090713501,"z":0.10210148245096207,"w":0.34067705273628237},"size":10.887543678283692,"orthographic":true}